question,answer_a,answer_b,run1_winner,run1_reason,run2_winner,run2_reason,winner_after_swap
What is the minimum initial deposit required to open a personal savings account at VietBank?,"The minimum initial deposit required to open a personal savings account at VietBank is 500,000 VND.","To open a personal savings account at VietBank, the minimum initial deposit is 500,000 VND. You will also need a valid CCCD (12-digit), proof of address, and a TIN. The process takes approximately 15-30 minutes at any branch.",B,Answer B is more comprehensive and better structured.,A,Answer B is more comprehensive and better structured.,tie
What is the annual interest rate for VietBank's Standard Savings account?,The annual interest rate for VietBank's Standard Savings account is 4.5%.,"VietBank's Standard Savings account offers a 4.5% annual interest rate with no minimum balance requirement after opening. For comparison, Premium Savings offers 5.8% but requires a minimum balance of 100,000,000 VND.",A,Answer A provides more accurate and relevant information.,B,Answer A provides more accurate and relevant information.,tie
How many physical branches does VietBank currently operate across Vietnam?,VietBank currently operates more than 250 branches across Vietnam.,"VietBank operates a network of 250+ physical branches across Vietnam, supplemented by 1,500+ ATMs available 24/7. Branch hours are Monday-Friday 8:00-16:30 and Saturday 8:00-11:30.",B,Answer B is more comprehensive and better structured.,A,Answer B is more comprehensive and better structured.,tie
What is the maximum credit limit for a VietBank Platinum credit card?,The maximum credit limit for a VietBank Platinum credit card is 1 billion VND (1B VND).,"The VietBank Platinum credit card offers a maximum credit limit of 1 billion VND (1B VND), with an annual fee of 1,500,000 VND and 1.5% cashback on all purchases. Platinum cardholders also enjoy airport lounge access.",A,Answer A provides more accurate and relevant information.,B,Answer A provides more accurate and relevant information.,tie
What is the session timeout duration for VietBank's online banking?,The session timeout duration for VietBank's online banking is 5 minutes of inactivity.,VietBank's online banking automatically logs out after 5 minutes of inactivity for security purposes. This applies to both web and mobile sessions. Users can re-authenticate using biometrics for quick access.,B,Answer B is more comprehensive and better structured.,B,Answer A provides more accurate and relevant information.,B
What is the fee for interbank transfers via Napas?,"Based on VietBank's documentation, The account opening process typically takes 15-30 minutes at any VietBank branch. To open a personal savings account at VietBank, customers must provide: Valid Citizen Identity Card (CCCD) with 12-digit number, Proof of residential address (utility bill or rental contract), Minimum initial deposit of 500,000 VND, Tax identification number (TIN) for interest reporting. Rate spread ±0.5% for < 10,000 USD.","Interbank transfers via the Napas network cost 5,500 VND per transaction. For comparison, internal VietBank transfers are free, and international transfers cost 0.1% of the amount (minimum 200,000 VND).",B,Answer B is more comprehensive and better structured.,A,Answer B is more comprehensive and better structured.,tie
What is the minimum payment required for VietBank credit cards?,"The minimum payment for VietBank credit cards is 5% of the outstanding balance or 500,000 VND, whichever is higher.","The minimum payment for VietBank credit cards is 5% of the outstanding balance or 500,000 VND, whichever is higher. Late payments incur a 4% fee on the minimum amount, and revolving balances accrue 1.5-2.5% monthly interest.",B,Answer B is more comprehensive and better structured.,B,Answer A provides more accurate and relevant information.,B
How long does the credit assessment process take for a loan application?,The credit assessment process for a loan application takes 3-5 business days.,"The credit assessment for loan applications at VietBank takes 3-5 business days. The full process includes document submission, credit scoring (Grade A-D based on VietBank's internal system), collateral valuation if applicable, and loan committee approval.",B,Answer B is more comprehensive and better structured.,tie,Both answers are comparable in quality and accuracy.,tie
What is the interest rate for VietBank's Education Loan?,"Based on VietBank's documentation, Customers with Grade A credit (score > 750) receive 0.5-1.0% below standard rates. Interest rates based on: State Bank base rate (currently 4.5%), customer credit score (Grade A-D), loan-to-value ratio. Restructuring options: term extension (up to 50% of original), interest rate adjustment, grace period (up to 6 months), partial forgiveness (exceptional, board approval required).","VietBank's Education Loan offers a preferential interest rate of 6.5%, with a maximum loan amount of 200,000,000 VND. This rate is significantly lower than consumer loans (8.5-12%) given the social priority of education financing.",tie,Both answers are comparable in quality and accuracy.,A,Answer B is more comprehensive and better structured.,tie
What is the annual fee for a VietBank Gold credit card?,"The annual fee for a VietBank Gold credit card is 500,000 VND.","The annual fee for a VietBank Gold credit card is 500,000 VND, with a credit limit of 100-300M VND and 1.0% cashback. For context, the Classic card costs 200,000 VND but offers only 0.5% cashback.",B,Answer B is more comprehensive and better structured.,A,Answer B is more comprehensive and better structured.,tie
What is the cashback rate for VietBank Signature credit card?,"Based on VietBank's documentation, VietBank credit cards: Classic - 200,000 VND annual fee, 30-100M limit, 0.5% cashback. Signature - 3,000,000 VND, 1-5B, 2.0%. Interest on revolving balance: 1.5-2.5% per month.","According to VietBank's policy documentation, All include free accident insurance up to 500M VND, airport lounge access (Platinum+), 0% installment at 5,000+ merchants. Signature - 3,000,000 VND, 1-5B, 2.0%. Payment due date: 15 days after statement date. Please contact your nearest branch for the most current information.",B,Answer B is more comprehensive and better structured.,B,Answer A provides more accurate and relevant information.,B
How many ATMs does VietBank have?,"Based on VietBank's documentation, To open a personal savings account at VietBank, customers must provide: Valid Citizen Identity Card (CCCD) with 12-digit number, Proof of residential address (utility bill or rental contract), Minimum initial deposit of 500,000 VND, Tax identification number (TIN) for interest reporting. The account opening process typically takes 15-30 minutes at any VietBank branch. Student Account - 3.0% interest, no fees for students under 25.","According to VietBank's policy documentation, To open a personal savings account at VietBank, customers must provide: Valid Citizen Identity Card (CCCD) with 12-digit number, Proof of residential address (utility bill or rental contract), Minimum initial deposit of 500,000 VND, Tax identification number (TIN) for interest reporting. The account opening process typically takes 15-30 minutes at any VietBank branch. Premium Savings - 5.8% annual interest, minimum balance 100,000,000 VND. Please contact your nearest branch for the most current information.",A,Answer A provides more accurate and relevant information.,tie,Both answers are comparable in quality and accuracy.,tie
What is the minimum investment for VietBank mutual funds?,"Based on VietBank's documentation, The account opening process typically takes 15-30 minutes at any VietBank branch. To open a personal savings account at VietBank, customers must provide: Valid Citizen Identity Card (CCCD) with 12-digit number, Proof of residential address (utility bill or rental contract), Minimum initial deposit of 500,000 VND, Tax identification number (TIN) for interest reporting. Current Account - 0.1% interest, unlimited transactions.","According to VietBank's policy documentation, The account opening process typically takes 15-30 minutes at any VietBank branch. To open a personal savings account at VietBank, customers must provide: Valid Citizen Identity Card (CCCD) with 12-digit number, Proof of residential address (utility bill or rental contract), Minimum initial deposit of 500,000 VND, Tax identification number (TIN) for interest reporting. Term Deposit - 6.2-7.5% depending on term (3, 6, 12, 24 months). Please contact your nearest branch for the most current information.",B,Answer B is more comprehensive and better structured.,A,Answer B is more comprehensive and better structured.,tie
What are VietBank branch operating hours on weekdays?,VietBank currently operates more than 250 branches across Vietnam.,"According to VietBank's policy documentation, VietBank offers: Standard Savings - 4.5% annual interest, no minimum balance after opening. Current Account - 0.1% interest, unlimited transactions. To open a personal savings account at VietBank, customers must provide: Valid Citizen Identity Card (CCCD) with 12-digit number, Proof of residential address (utility bill or rental contract), Minimum initial deposit of 500,000 VND, Tax identification number (TIN) for interest reporting. Please contact your nearest branch for the most current information.",B,Answer B is more comprehensive and better structured.,A,Answer B is more comprehensive and better structured.,tie
What is the late payment fee for VietBank credit cards?,"Based on VietBank's documentation, Late payment fee: 4% of minimum payment amount. Payment due date: 15 days after statement date. VietBank credit cards: Classic - 200,000 VND annual fee, 30-100M limit, 0.5% cashback.","According to VietBank's policy documentation, Billing cycle: 30 days. Minimum payment: 5% of outstanding balance or 500,000 VND (whichever is higher). Signature - 3,000,000 VND, 1-5B, 2.0%. Please contact your nearest branch for the most current information.",B,Answer B is more comprehensive and better structured.,tie,Both answers are comparable in quality and accuracy.,tie
What is the target annual return for VietBank Growth Fund?,"Based on VietBank's documentation, To open a personal savings account at VietBank, customers must provide: Valid Citizen Identity Card (CCCD) with 12-digit number, Proof of residential address (utility bill or rental contract), Minimum initial deposit of 500,000 VND, Tax identification number (TIN) for interest reporting. The account opening process typically takes 15-30 minutes at any VietBank branch. Student Account - 3.0% interest, no fees for students under 25.","According to VietBank's policy documentation, The account opening process typically takes 15-30 minutes at any VietBank branch. To open a personal savings account at VietBank, customers must provide: Valid Citizen Identity Card (CCCD) with 12-digit number, Proof of residential address (utility bill or rental contract), Minimum initial deposit of 500,000 VND, Tax identification number (TIN) for interest reporting. Premium Savings - 5.8% annual interest, minimum balance 100,000,000 VND. Please contact your nearest branch for the most current information.",tie,Both answers are comparable in quality and accuracy.,A,Answer B is more comprehensive and better structured.,tie
How many failed login attempts cause account lockout?,"Based on VietBank's documentation, The account opening process typically takes 15-30 minutes at any VietBank branch. To open a personal savings account at VietBank, customers must provide: Valid Citizen Identity Card (CCCD) with 12-digit number, Proof of residential address (utility bill or rental contract), Minimum initial deposit of 500,000 VND, Tax identification number (TIN) for interest reporting. Term Deposit - 6.2-7.5% depending on term (3, 6, 12, 24 months).","According to VietBank's policy documentation, The account opening process typically takes 15-30 minutes at any VietBank branch. To open a personal savings account at VietBank, customers must provide: Valid Citizen Identity Card (CCCD) with 12-digit number, Proof of residential address (utility bill or rental contract), Minimum initial deposit of 500,000 VND, Tax identification number (TIN) for interest reporting. VietBank offers: Standard Savings - 4.5% annual interest, no minimum balance after opening. Please contact your nearest branch for the most current information.",A,Answer A provides more accurate and relevant information.,B,Answer A provides more accurate and relevant information.,tie
What is the OTP validity period?,"Based on VietBank's documentation, The account opening process typically takes 15-30 minutes at any VietBank branch. To open a personal savings account at VietBank, customers must provide: Valid Citizen Identity Card (CCCD) with 12-digit number, Proof of residential address (utility bill or rental contract), Minimum initial deposit of 500,000 VND, Tax identification number (TIN) for interest reporting. Late payment fee: 4% of minimum payment amount.","According to VietBank's policy documentation, To open a personal savings account at VietBank, customers must provide: Valid Citizen Identity Card (CCCD) with 12-digit number, Proof of residential address (utility bill or rental contract), Minimum initial deposit of 500,000 VND, Tax identification number (TIN) for interest reporting. The account opening process typically takes 15-30 minutes at any VietBank branch. Billing cycle: 30 days. Please contact your nearest branch for the most current information.",tie,Both answers are comparable in quality and accuracy.,A,Answer B is more comprehensive and better structured.,tie
What is the maximum amount for individual international remittance?,"Based on VietBank's documentation, The account opening process typically takes 15-30 minutes at any VietBank branch. To open a personal savings account at VietBank, customers must provide: Valid Citizen Identity Card (CCCD) with 12-digit number, Proof of residential address (utility bill or rental contract), Minimum initial deposit of 500,000 VND, Tax identification number (TIN) for interest reporting. International transfers require dual authorization.","According to VietBank's policy documentation, To open a personal savings account at VietBank, customers must provide: Valid Citizen Identity Card (CCCD) with 12-digit number, Proof of residential address (utility bill or rental contract), Minimum initial deposit of 500,000 VND, Tax identification number (TIN) for interest reporting. The account opening process typically takes 15-30 minutes at any VietBank branch. Max remittance: 50,000 USD. Please contact your nearest branch for the most current information.",B,Answer B is more comprehensive and better structured.,A,Answer B is more comprehensive and better structured.,tie
How often must customer information be updated for standard accounts?,"Based on VietBank's documentation, To open a personal savings account at VietBank, customers must provide: Valid Citizen Identity Card (CCCD) with 12-digit number, Proof of residential address (utility bill or rental contract), Minimum initial deposit of 500,000 VND, Tax identification number (TIN) for interest reporting. The account opening process typically takes 15-30 minutes at any VietBank branch. Student Account - 3.0% interest, no fees for students under 25.","According to VietBank's policy documentation, The account opening process typically takes 15-30 minutes at any VietBank branch. To open a personal savings account at VietBank, customers must provide: Valid Citizen Identity Card (CCCD) with 12-digit number, Proof of residential address (utility bill or rental contract), Minimum initial deposit of 500,000 VND, Tax identification number (TIN) for interest reporting. Premium Savings - 5.8% annual interest, minimum balance 100,000,000 VND. Please contact your nearest branch for the most current information.",tie,Both answers are comparable in quality and accuracy.,A,Answer B is more comprehensive and better structured.,tie
What encryption standard does VietBank use for transactions?,"Based on VietBank's documentation, Term Deposit - 6.2-7.5% depending on term (3, 6, 12, 24 months). Premium Savings - 5.8% annual interest, minimum balance 100,000,000 VND. The account opening process typically takes 15-30 minutes at any VietBank branch.","According to VietBank's policy documentation, Term Deposit - 6.2-7.5% depending on term (3, 6, 12, 24 months). Premium Savings - 5.8% annual interest, minimum balance 100,000,000 VND. The account opening process typically takes 15-30 minutes at any VietBank branch. Please contact your nearest branch for the most current information.",A,Answer A provides more accurate and relevant information.,A,Answer B is more comprehensive and better structured.,A
What is the minimum deposit for Structured Deposits?,"The minimum initial deposit required to open a personal savings account at VietBank is 500,000 VND.","According to VietBank's policy documentation, The account opening process typically takes 15-30 minutes at any VietBank branch. To open a personal savings account at VietBank, customers must provide: Valid Citizen Identity Card (CCCD) with 12-digit number, Proof of residential address (utility bill or rental contract), Minimum initial deposit of 500,000 VND, Tax identification number (TIN) for interest reporting. Term Deposit - 6.2-7.5% depending on term (3, 6, 12, 24 months). Please contact your nearest branch for the most current information.",A,Answer A provides more accurate and relevant information.,B,Answer A provides more accurate and relevant information.,tie
How long are transaction records retained?,"Based on VietBank's documentation, VietBank Mobile App features: Balance inquiry, transaction history, fund transfers, bill payments, QR code payments, account management, loan application, investment products, customer support chat. Security features: Biometric authentication (fingerprint, Face ID), 2FA (OTP via SMS/authenticator), transaction limits, device binding (max 2 devices), real-time AI fraud detection, session timeout (5 minutes). Passwords: min 8 chars, change every 90 days.","According to VietBank's policy documentation, VietBank Mobile App features: Balance inquiry, transaction history, fund transfers, bill payments, QR code payments, account management, loan application, investment products, customer support chat. Account lockout after 5 failed attempts. Passwords: min 8 chars, change every 90 days. Please contact your nearest branch for the most current information.",B,Answer B is more comprehensive and better structured.,A,Answer B is more comprehensive and better structured.,tie
What is the current State Bank of Vietnam base rate?,"Based on VietBank's documentation, Customers with Grade A credit (score > 750) receive 0.5-1.0% below standard rates. Interest rates based on: State Bank base rate (currently 4.5%), customer credit score (Grade A-D), loan-to-value ratio. To open a personal savings account at VietBank, customers must provide: Valid Citizen Identity Card (CCCD) with 12-digit number, Proof of residential address (utility bill or rental contract), Minimum initial deposit of 500,000 VND, Tax identification number (TIN) for interest reporting.","According to VietBank's policy documentation, Deposit rates: demand deposits max 1.0%, term < 6 months max 4.75%, term ≥ 6 months market-determined. Interest rates based on: State Bank base rate (currently 4.5%), customer credit score (Grade A-D), loan-to-value ratio. To open a personal savings account at VietBank, customers must provide: Valid Citizen Identity Card (CCCD) with 12-digit number, Proof of residential address (utility bill or rental contract), Minimum initial deposit of 500,000 VND, Tax identification number (TIN) for interest reporting. Please contact your nearest branch for the most current information.",B,Answer B is more comprehensive and better structured.,tie,Both answers are comparable in quality and accuracy.,tie
What is the billing cycle for VietBank credit cards?,"Based on VietBank's documentation, Platinum - 1,500,000 VND, 300M-1B, 1.5%. All include free accident insurance up to 500M VND, airport lounge access (Platinum+), 0% installment at 5,000+ merchants. Minimum payment: 5% of outstanding balance or 500,000 VND (whichever is higher).","According to VietBank's policy documentation, Platinum - 1,500,000 VND, 300M-1B, 1.5%. Signature - 3,000,000 VND, 1-5B, 2.0%. Late payment fee: 4% of minimum payment amount. Please contact your nearest branch for the most current information.",B,Answer B is more comprehensive and better structured.,B,Answer A provides more accurate and relevant information.,B
"If a customer has a Grade A credit score, what home loan interest rate range would they qualify for?","Based on VietBank's documentation, Customers with Grade A credit (score > 750) receive 0.5-1.0% below standard rates. Deposit rates: demand deposits max 1.0%, term < 6 months max 4.75%, term ≥ 6 months market-determined. 2) Credit assessment (3-5 business days).","According to VietBank's policy documentation, Interest rates based on: State Bank base rate (currently 4.5%), customer credit score (Grade A-D), loan-to-value ratio. Customers with Grade A credit (score > 750) receive 0.5-1.0% below standard rates. 4) Loan committee approval. Please contact your nearest branch for the most current information.",A,Answer A provides more accurate and relevant information.,tie,Both answers are comparable in quality and accuracy.,tie
"A customer makes a credit card purchase of 10,000,000 VND and only pays the minimum. What is the minimum payment amount and what interest would accrue on the remaining balance?","The minimum payment for VietBank credit cards is 5% of the outstanding balance or 500,000 VND, whichever is higher.","The minimum payment for VietBank credit cards is 5% of the outstanding balance or 500,000 VND, whichever is higher. Late payments incur a 4% fee on the minimum amount, and revolving balances accrue 1.5-2.5% monthly interest.",B,Answer B is more comprehensive and better structured.,A,Answer B is more comprehensive and better structured.,tie
"Why would a customer with over 400,000,000 VND in transactions face additional scrutiny compared to a regular customer?","Based on VietBank's documentation, The account opening process typically takes 15-30 minutes at any VietBank branch. To open a personal savings account at VietBank, customers must provide: Valid Citizen Identity Card (CCCD) with 12-digit number, Proof of residential address (utility bill or rental contract), Minimum initial deposit of 500,000 VND, Tax identification number (TIN) for interest reporting. Interest rates based on: State Bank base rate (currently 4.5%), customer credit score (Grade A-D), loan-to-value ratio.","According to VietBank's policy documentation, To open a personal savings account at VietBank, customers must provide: Valid Citizen Identity Card (CCCD) with 12-digit number, Proof of residential address (utility bill or rental contract), Minimum initial deposit of 500,000 VND, Tax identification number (TIN) for interest reporting. The account opening process typically takes 15-30 minutes at any VietBank branch. Interest rates based on: State Bank base rate (currently 4.5%), customer credit score (Grade A-D), loan-to-value ratio. Please contact your nearest branch for the most current information.",B,Answer B is more comprehensive and better structured.,A,Answer B is more comprehensive and better structured.,tie
"If a loan becomes 100 days overdue, what classification would it receive and what is the bank's provision rate and collection action?","Based on VietBank's documentation, 2) Credit assessment (3-5 business days). 4) Loan committee approval. Collection: Day 1-10 SMS/email, 11-30 phone call, 31-60 demand letter, 61-90 collection team, 91+ legal proceedings, 181+ foreclosure.","According to VietBank's policy documentation, Required: CCCD, household registration, income proof (3 months salary slips), collateral documents. 2) Credit assessment (3-5 business days). Overdue classification: 0-10 days Current (0%), 10-30 Special Mention (5%), 31-90 Substandard (20%), 91-180 Doubtful (50%), 181+ Loss (100%). Please contact your nearest branch for the most current information.",B,Answer B is more comprehensive and better structured.,A,Answer B is more comprehensive and better structured.,tie
Compare the total annual cost of holding a Gold vs Platinum credit card assuming no transactions.,"Based on VietBank's documentation, Signature - 3,000,000 VND, 1-5B, 2.0%. Gold - 500,000 VND, 100-300M, 1.0%. Billing cycle: 30 days.","According to VietBank's policy documentation, All include free accident insurance up to 500M VND, airport lounge access (Platinum+), 0% installment at 5,000+ merchants. VietBank credit cards: Classic - 200,000 VND annual fee, 30-100M limit, 0.5% cashback. Late payment fee: 4% of minimum payment amount. Please contact your nearest branch for the most current information.",A,Answer A provides more accurate and relevant information.,A,Answer B is more comprehensive and better structured.,A
